City_ID,City,Country,Lat,Lng,Max Temp,Humidity,Cloudiness,Wind Speed,Current Description
0,Torres,BR,-29.3353,-49.7269,68.92,85,34,4.32,scattered clouds
1,Arraial Do Cabo,BR,-22.9661,-42.0278,73.24,91,100,3.65,overcast clouds
2,Castro,BR,-24.7911,-50.0119,61.09,98,90,6.76,overcast clouds
3,San Patricio,US,28.017,-97.5169,61.0,77,90,10.36,overcast clouds
4,Georgetown,MY,5.4112,100.3354,89.01,70,20,6.91,few clouds
5,Tasiilaq,GL,65.6145,-37.6368,33.8,100,90,29.93,snow
6,Atuona,PF,-9.8,-139.0333,79.75,76,48,12.93,scattered clouds
7,Palu,ID,-0.8917,119.8707,85.32,67,97,2.89,overcast clouds
8,Yerbogachen,RU,61.2767,108.0108,17.13,94,93,15.05,overcast clouds
9,Albany,US,42.6001,-73.9662,21.99,43,7,5.88,clear sky
10,Bathsheba,BB,13.2167,-59.5167,78.8,65,20,21.85,few clouds
11,Broome,US,42.2506,-75.833,16.0,57,1,4.61,clear sky
12,Vostok,RU,46.4856,135.8833,20.86,95,95,6.29,overcast clouds
13,Berlevag,NO,70.8578,29.0864,19.4,73,20,9.22,few clouds
14,Carnarvon,AU,-24.8667,113.6333,84.2,84,0,16.11,clear sky
15,Dunda,TZ,-8.1167,34.25,65.12,94,100,3.74,light rain
16,Airai,TL,-8.9266,125.4092,71.19,92,63,2.51,broken clouds
17,Faanui,PF,-16.4833,-151.75,81.91,79,100,18.41,light rain
18,Vaini,TO,-21.2,-175.2,80.6,83,75,13.8,light rain
19,Haines Junction,CA,60.7522,-137.5108,15.8,62,76,3.8,broken clouds
20,Saint-Philippe,RE,-21.3585,55.7679,84.2,70,31,5.75,scattered clouds
21,Avarua,CK,-21.2078,-159.775,78.8,94,75,17.27,light rain
22,Ushuaia,AR,-54.8,-68.3,41.0,81,75,6.91,broken clouds
23,Yellowknife,CA,62.456,-114.3525,-2.0,78,1,5.75,clear sky
24,Kawalu,ID,-7.3817,108.2082,84.85,66,74,1.14,light rain
25,Hilo,US,19.7297,-155.09,69.8,88,90,10.36,moderate rain
26,Busselton,AU,-33.65,115.3333,71.01,68,99,3.0,light rain
27,Hobart,AU,-42.8794,147.3294,75.0,59,75,11.5,broken clouds
28,Jamestown,US,42.097,-79.2353,15.01,96,1,1.79,clear sky
29,Soure,BR,-0.7167,-48.5233,77.11,89,100,6.8,overcast clouds
30,San Quintin,MX,30.4833,-115.95,56.28,81,93,10.76,overcast clouds
31,Torbay,CA,47.6666,-52.7314,28.99,74,90,10.36,overcast clouds
32,Meulaboh,ID,4.1363,96.1285,86.32,62,42,4.03,scattered clouds
33,Olinda,BR,-8.0089,-34.8553,78.8,73,40,3.44,scattered clouds
34,Butaritari,KI,3.0707,172.7902,80.98,81,11,13.2,few clouds
35,Tura,IN,25.5198,90.2201,85.78,24,0,4.52,clear sky
36,Tevriz,RU,57.509,72.4042,14.4,95,100,11.36,overcast clouds
37,Palasa,IN,18.7667,84.4167,89.01,40,0,11.63,clear sky
38,Leningradskiy,RU,69.3833,178.4167,-15.66,84,87,6.26,overcast clouds
39,Dikson,RU,73.5069,80.5464,-15.41,88,100,5.7,overcast clouds
40,Rudbar,AF,30.15,62.6,69.78,21,0,9.57,clear sky
41,Malkangiri,IN,18.35,81.9,95.38,18,0,3.15,clear sky
42,Hithadhoo,MV,-0.6,73.0833,83.46,65,1,8.84,clear sky
43,Santa Cruz Del Sur,CU,20.7147,-77.9956,72.41,74,16,14.7,few clouds
44,Vila Do Maio,CV,15.1333,-23.2167,66.2,72,75,21.85,broken clouds
45,Lasa,IT,46.6166,10.7002,33.01,93,0,2.3,clear sky
46,Weihai,CN,37.5017,122.1136,42.26,61,0,5.26,clear sky
47,Chachapoyas,PE,-6.2317,-77.869,54.99,90,100,0.85,light rain
48,Hobyo,SO,5.3505,48.5268,80.71,70,53,17.69,broken clouds
49,Cochrane,CA,51.1834,-114.4687,32.0,68,1,9.22,clear sky
50,Buala,SB,-8.145,159.5921,83.5,74,100,5.88,light rain
51,Cidreira,BR,-30.1811,-50.2056,72.84,78,1,11.61,clear sky
52,Lamu,KE,-2.2717,40.902,78.62,80,27,9.08,scattered clouds
53,Hermanus,ZA,-34.4187,19.2345,60.01,93,100,5.53,overcast clouds
54,Kapaa,US,22.0752,-159.319,73.4,73,75,16.11,light rain
55,Leshukonskoye,RU,64.8989,45.7622,-21.12,86,2,7.0,clear sky
56,Hun,LY,29.1268,15.9477,61.7,31,14,14.88,few clouds
57,Beringovskiy,RU,63.05,179.3167,11.71,94,38,12.08,scattered clouds
58,Nikolskoye,RU,59.7035,30.7861,19.4,79,75,6.71,light snow
59,Luderitz,NA,-26.6481,15.1594,63.25,74,0,13.85,clear sky
60,El Alto,PE,-4.2714,-81.2147,73.18,81,100,10.98,light rain
61,Bredasdorp,ZA,-34.5322,20.0403,60.8,82,100,8.05,overcast clouds
62,Xichang,CN,27.8964,102.2634,65.84,39,0,4.0,clear sky
63,Kaihua,CN,23.3687,104.28,69.08,52,41,14.32,scattered clouds
64,Thinadhoo,MV,0.5333,72.9333,83.46,65,5,6.87,clear sky
65,Puerto Madryn,AR,-42.7692,-65.0385,60.35,32,0,18.88,clear sky
66,Rikitea,PF,-23.1203,-134.9692,79.93,83,100,16.24,moderate rain
67,Lavrentiya,RU,65.5833,-171.0,31.39,98,100,14.76,snow
68,Tongliao,CN,43.6125,122.2653,46.92,49,0,15.64,clear sky
69,Chapais,CA,49.7834,-74.8492,-7.6,84,1,2.42,clear sky
70,Mataura,NZ,-46.1927,168.8643,57.0,80,98,11.99,overcast clouds
71,Punta Arenas,CL,-53.15,-70.9167,41.0,75,40,12.66,scattered clouds
72,Banska Stiavnica,SK,48.4486,18.91,28.0,90,44,2.62,scattered clouds
73,Kodiak,US,57.79,-152.4072,35.6,64,1,4.61,clear sky
74,Ibra,OM,22.6906,58.5334,77.14,32,0,3.09,clear sky
75,Namatanai,PG,-3.6667,152.4333,81.32,80,100,8.55,moderate rain
76,Talnakh,RU,69.4865,88.3972,-9.83,88,100,1.3,overcast clouds
77,Segovia,ES,41.1667,-4.0,42.01,90,31,1.43,scattered clouds
78,Geraldton,AU,-28.7667,114.6,93.2,36,0,17.27,clear sky
79,Cape Town,ZA,-33.9258,18.4232,62.6,67,40,14.97,scattered clouds
80,Valle De Allende,MX,26.9333,-105.4,55.11,43,42,8.75,scattered clouds
81,Puerto Ayora,EC,-0.7393,-90.3518,78.01,93,75,3.0,broken clouds
82,Vila,PT,42.0304,-8.1588,39.99,84,58,8.01,broken clouds
83,Teknaf,BD,20.8624,92.3058,81.72,58,4,6.35,clear sky
84,Chichester,GB,50.8367,-0.78,32.0,100,0,3.22,clear sky
85,Cherskiy,RU,68.75,161.3,-16.53,88,100,7.74,overcast clouds
86,Babynino,RU,54.39,35.73,24.8,68,75,15.66,light snow
87,Santa Cruz Cabralia,BR,-16.2781,-39.0247,75.2,88,20,3.44,few clouds
88,Kieta,PG,-6.2167,155.6333,82.63,72,100,1.34,light rain
89,Apastovo,RU,55.2029,48.5109,23.0,93,90,20.13,snow
90,Barrow,US,71.2906,-156.7887,-9.4,70,90,21.85,snow
91,Saskylakh,RU,71.9167,114.0833,-27.08,83,19,2.68,few clouds
92,Lorengau,PG,-2.0226,147.2712,82.13,74,100,5.1,heavy intensity rain
93,Flagstaff,US,35.1981,-111.6513,50.0,60,1,7.31,clear sky
94,Carutapera,BR,-1.195,-46.02,76.66,93,100,7.67,overcast clouds
95,Provideniya,RU,64.3833,-173.3,26.08,97,100,8.19,snow
96,Rabo De Peixe,PT,37.8,-25.5833,60.8,88,75,3.44,broken clouds
97,Dharchula,IN,29.85,80.5333,60.8,49,100,4.09,overcast clouds
98,Mezhdurechenskiy,RU,59.6,65.9333,1.96,93,95,3.22,overcast clouds
99,Porto Novo,BJ,6.4965,2.6036,81.01,82,100,8.08,overcast clouds
100,Sao Joao Da Barra,BR,-21.6403,-41.0511,72.59,91,100,5.08,overcast clouds
101,Lebu,CL,-37.6167,-73.65,58.12,83,59,17.98,broken clouds
102,Coquimbo,CL,-29.9533,-71.3436,62.6,88,90,4.61,overcast clouds
103,Nara,JP,34.6851,135.8049,53.6,58,75,9.22,broken clouds
104,Patitirion,GR,39.15,23.8667,42.01,90,43,3.0,scattered clouds
105,Praia,CV,14.9215,-23.5087,66.2,72,75,21.85,broken clouds
106,Terrace,CA,54.5163,-128.6035,28.4,93,20,3.44,few clouds
107,Ambilobe,MG,-13.2,49.05,74.82,96,97,2.24,heavy intensity rain
108,New Norfolk,AU,-42.7826,147.0587,75.0,46,100,1.99,overcast clouds
109,Okhotsk,RU,59.3833,143.3,-2.78,83,0,7.61,clear sky
110,Bucerias,MX,20.75,-105.3333,73.0,88,20,4.16,few clouds
111,Vardo,NO,70.3705,31.1107,10.4,92,40,4.61,snow
112,Kasane,BW,-17.8167,25.15,59.0,94,0,2.3,clear sky
113,Key West,US,24.5557,-81.7826,69.8,60,1,16.11,clear sky
114,Thompson,CA,55.7435,-97.8558,24.8,80,1,5.55,clear sky
115,Itaituba,BR,-4.2761,-55.9836,73.58,98,72,2.42,light rain
116,Alice Springs,AU,-23.7,133.8833,95.0,20,0,9.22,clear sky
117,Kruisfontein,ZA,-34.0033,24.7314,66.0,79,51,5.01,broken clouds
118,Gharo,PK,24.7424,67.5856,80.6,65,0,5.75,haze
119,Najran,SA,17.4924,44.1277,57.2,41,0,1.66,clear sky
120,Laibin,CN,23.7,109.2667,68.13,68,88,4.0,overcast clouds
121,Santa Maria,BR,-29.6842,-53.8069,61.41,83,0,3.94,clear sky
122,San Vicente,AR,-26.6167,-54.1333,61.65,90,0,2.42,clear sky
123,Anadyr,RU,64.75,177.4833,-7.6,77,75,11.18,snow
124,Matay,EG,28.419,30.7792,52.47,68,0,9.73,clear sky
125,Ponta Do Sol,PT,32.6667,-17.1,57.99,70,49,3.0,scattered clouds
126,Ayan,RU,56.45,138.1667,15.8,90,72,5.86,broken clouds
127,Zhigansk,RU,66.7697,123.3711,-6.83,89,100,9.4,overcast clouds
128,Padang,ID,-0.9492,100.3543,82.4,78,75,6.91,broken clouds
129,Nemuro,JP,43.3236,145.575,35.6,48,75,12.66,broken clouds
130,Kaeo,NZ,-35.1,173.7833,70.0,56,0,11.01,clear sky
131,Saldanha,ZA,-33.0117,17.9442,55.4,88,81,5.75,broken clouds
132,Port Alfred,ZA,-33.5906,26.891,66.99,89,40,3.0,scattered clouds
133,Marevo,RU,57.3146,32.0804,16.66,96,100,10.16,light snow
134,Biltine,TD,14.5333,20.9167,68.79,17,6,12.03,clear sky
135,Qaanaaq,GL,77.484,-69.3632,-12.95,65,2,7.67,clear sky
136,Bhunya,SZ,-26.55,31.0167,60.8,94,80,2.66,broken clouds
137,Fortuna,US,40.5982,-124.1573,44.01,93,1,4.61,clear sky
138,Hamilton,US,39.1834,-84.5333,35.01,64,1,2.66,clear sky
139,Cordoba,AR,-31.4135,-64.1811,73.99,94,0,9.22,clear sky
140,Vestmanna,FO,62.1564,-7.1664,41.0,100,75,4.61,broken clouds
141,Senno,RU,59.5336,33.9167,10.0,87,100,57.0,overcast clouds
142,Nsanje,MW,-16.92,35.262,72.01,89,87,0.94,overcast clouds
143,Nanortalik,GL,60.1432,-45.2371,30.36,93,100,17.13,light snow
144,Aklavik,CA,68.2191,-135.0107,-13.0,70,10,5.75,clear sky
145,Bethel,US,41.3712,-73.414,26.01,56,6,6.11,clear sky
146,Ilulissat,GL,69.2167,-51.1,15.8,73,20,8.05,few clouds
147,Umm Lajj,SA,25.0213,37.2685,73.63,60,0,6.87,clear sky
148,Nome,US,64.5011,-165.4064,32.0,93,90,40.29,snow
149,Bengkulu,ID,-3.8004,102.2655,79.2,87,98,13.62,overcast clouds
150,Peterhead,GB,57.5058,-1.7981,41.0,100,90,1.14,light rain
151,Clyde River,CA,70.4692,-68.5914,-20.2,76,1,5.82,clear sky
152,Homer,US,59.6425,-151.5483,26.6,63,1,6.91,clear sky
153,Mingaora,PK,34.7758,72.3625,65.55,34,13,3.8,few clouds
154,Muli,MV,2.9167,73.5667,82.83,72,14,7.29,few clouds
155,La Paz,BO,-16.5,-68.15,39.2,93,75,2.3,broken clouds
156,Tuatapere,NZ,-46.1333,167.6833,57.0,80,97,11.99,moderate rain
157,Nicoya,CR,10.1483,-85.452,78.8,47,0,13.8,clear sky
158,Vermilion,US,40.1667,-87.7506,46.0,60,1,3.44,clear sky
159,Victoria,HK,22.2855,114.1577,70.0,80,58,8.01,broken clouds
160,Tumut,AU,-35.3,148.2167,84.2,20,90,18.41,overcast clouds
161,Chara,RU,56.9064,118.2631,20.05,84,85,2.64,overcast clouds
162,Evensk,RU,61.95,159.2333,-16.42,78,27,2.19,scattered clouds
163,Tuktoyaktuk,CA,69.4541,-133.0374,-16.6,76,75,16.11,snow
164,Bentiu,SS,9.2333,29.8333,75.31,16,0,5.26,clear sky
165,Panama City,PA,8.9936,-79.5197,78.8,83,75,5.75,broken clouds
166,Koungou,YT,-12.7336,45.2042,78.8,89,90,2.3,moderate rain
167,Nueva Loja,EC,0.0847,-76.8828,69.4,99,100,1.19,moderate rain
168,Puerto Del Rosario,ES,28.5004,-13.8627,62.6,72,0,11.5,clear sky
169,Ostrovnoy,RU,68.0531,39.5131,-1.98,91,100,5.7,overcast clouds
170,Jacqueville,CI,5.2052,-4.4146,80.6,100,20,4.61,light rain
171,Nyurba,RU,63.2842,118.3319,17.55,96,98,3.0,overcast clouds
172,Bluff,NZ,-46.6,168.3333,57.0,80,91,11.99,moderate rain
173,Kavieng,PG,-2.5744,150.7967,81.86,78,100,10.11,moderate rain
174,Marawi,PH,7.9986,124.2928,82.0,81,75,7.0,broken clouds
175,Kumylzhenskaya,RU,49.8809,42.5898,33.01,81,97,18.01,overcast clouds
176,Phan Thiet,VN,10.9333,108.1,89.28,45,0,17.83,clear sky
177,Svarychiv,UA,48.9622,24.1966,30.2,64,0,6.71,clear sky
178,Imbituba,BR,-28.24,-48.6703,73.4,88,20,8.57,few clouds
179,Sitka,US,57.0531,-135.33,42.8,70,75,3.56,broken clouds
180,Kalawit,PH,8.0667,122.5167,83.91,72,90,12.59,overcast clouds
181,Dicabisagan,PH,17.0818,122.4157,82.62,56,2,8.39,clear sky
182,Bambous Virieux,MU,-20.3428,57.7575,82.0,83,20,6.91,few clouds
183,Vanavara,RU,60.34,102.2797,16.07,94,100,12.93,overcast clouds
184,Talakan,RU,50.3167,130.3667,23.74,93,77,7.92,broken clouds
185,Hofn,IS,64.2539,-15.2082,39.07,71,100,7.45,overcast clouds
186,Yining,CN,29.0361,114.5636,49.57,86,100,1.16,overcast clouds
187,Nishihara,JP,26.1842,127.7558,75.2,56,40,10.36,scattered clouds
188,Sindor,RU,62.8629,51.8905,-5.53,91,100,5.59,overcast clouds
189,Trelew,AR,-43.249,-65.3051,59.27,32,0,12.46,clear sky
190,Ola,RU,59.5833,151.2833,0.27,84,0,4.65,clear sky
191,Chokurdakh,RU,70.6333,147.9167,-13.4,89,100,7.11,overcast clouds
192,Isabela,PH,6.7085,121.9711,86.0,70,90,6.91,overcast clouds
193,Mizdah,LY,31.4451,12.9801,53.31,71,32,19.8,scattered clouds
194,Booue,GA,-0.0921,11.9385,72.27,94,92,2.1,overcast clouds
195,Grindavik,IS,63.8424,-22.4338,42.8,100,90,27.63,overcast clouds
196,Oktyabrskoye,RU,43.0645,44.7417,23.0,93,4,2.24,clear sky
197,Maragogi,BR,-9.0122,-35.2225,76.77,87,29,6.24,scattered clouds
198,Alipur Chatha,PK,32.2688,73.819,66.2,68,40,9.22,smoke
199,Cozumel,MX,20.5083,-86.9458,73.4,68,40,10.36,scattered clouds
200,Lagoa,PT,39.05,-27.9833,59.23,98,82,12.01,broken clouds
201,Cumpas,MX,29.9833,-109.7833,65.26,32,60,1.88,broken clouds
202,Svolvaer,NO,68.2342,14.5683,30.0,89,100,5.01,light snow
203,Cururupu,BR,-1.8283,-44.8683,74.37,96,99,1.99,overcast clouds
204,Moose Factory,CA,51.2585,-80.6094,8.6,51,1,6.91,clear sky
205,Merauke,ID,-8.4667,140.3333,85.6,63,86,8.21,overcast clouds
206,Burnie,AU,-41.0667,145.9167,68.0,59,100,5.01,moderate rain
207,Broken Hill,AU,-31.95,141.4333,84.2,26,40,10.36,scattered clouds
208,Dzerzhinskoye,RU,56.8344,95.2283,22.35,94,32,5.23,scattered clouds
209,Santa Helena De Goias,BR,-17.8136,-50.5969,68.63,94,100,5.48,overcast clouds
210,Lompoc,US,34.6391,-120.4579,50.0,87,90,4.61,overcast clouds
211,Rocha,UY,-34.4833,-54.3333,62.76,95,0,7.14,clear sky
212,Shirvan,AZ,39.9509,48.8994,39.51,72,95,9.26,overcast clouds
213,Esperance,AU,-33.8667,121.9,71.6,60,40,9.22,scattered clouds
214,Batouri,CM,4.4333,14.3667,64.87,86,98,2.8,overcast clouds
215,Kita,ML,13.0349,-9.4895,75.6,25,51,2.01,broken clouds
216,Ballina,AU,-28.8667,153.5667,75.99,88,75,6.91,broken clouds
217,Ribeira Grande,PT,38.5167,-28.7,60.01,93,82,9.04,broken clouds
218,Catamarca,AR,-28.4696,-65.7852,78.01,77,0,7.4,clear sky
219,Dennery,LC,13.8996,-60.8879,80.6,65,40,18.41,scattered clouds
220,Severo-Kurilsk,RU,50.6789,156.125,17.35,90,99,26.82,light snow
221,Qinzhou,CN,21.95,108.6167,75.74,71,95,14.12,overcast clouds
222,Carmen,MX,18.6333,-91.8333,73.4,77,0,14.18,clear sky
223,Bubaque,GW,11.2833,-15.8333,75.09,70,0,10.87,clear sky
224,Poum,NC,-20.2333,164.0167,79.07,72,29,9.19,scattered clouds
225,Sabang,ID,5.8933,95.3214,82.89,75,87,13.49,overcast clouds
226,Kaitangata,NZ,-46.2817,169.8464,57.99,72,100,5.01,overcast clouds
227,Itarema,BR,-2.9248,-39.9167,77.2,88,100,9.4,overcast clouds
228,Dingle,PH,10.9995,122.6711,83.97,68,91,14.34,light rain
229,Nhamunda,BR,-2.1861,-56.7131,74.59,95,99,2.84,moderate rain
230,Impfondo,CG,1.6381,18.0667,73.94,81,100,3.29,overcast clouds
231,Namibe,AO,-15.1961,12.1522,77.34,77,83,4.29,broken clouds
232,East London,ZA,-33.0153,27.9116,62.6,88,0,3.44,clear sky
233,Koumac,NC,-20.5667,164.2833,78.53,74,70,8.12,broken clouds
234,Aksha,RU,50.2814,113.2867,33.91,86,82,6.53,broken clouds
235,Karratha,AU,-20.7377,116.8463,89.11,58,15,14.63,few clouds
236,Komyshnya,UA,50.1859,33.684,30.25,97,99,16.33,overcast clouds
237,Paramonga,PE,-10.6667,-77.8333,72.41,84,100,3.0,overcast clouds
238,Xuddur,SO,4.1213,43.8894,70.68,76,10,19.89,clear sky
239,Vaitape,PF,-16.5167,-151.75,81.93,79,100,18.54,light rain
240,Iqaluit,CA,63.7506,-68.5145,-2.2,78,90,2.3,light snow
241,Hurghada,EG,27.2574,33.8129,57.2,35,0,9.22,clear sky
242,Uromi,NG,6.7,6.3333,76.57,88,61,5.57,broken clouds
243,Palmerston North,NZ,-40.35,175.6167,68.0,48,48,5.01,scattered clouds
244,Langsa,ID,4.4683,97.9683,94.1,44,76,3.15,broken clouds
245,Port Elizabeth,ZA,-33.918,25.5701,64.4,88,40,14.97,moderate rain
246,Pevek,RU,69.7008,170.3133,-12.73,90,100,18.48,light snow
247,Kenora,CA,49.8167,-94.4337,35.6,93,90,10.36,mist
248,Orhei,MD,47.3831,28.8231,21.2,86,0,2.33,clear sky
249,Sokolka,PL,53.4072,23.5023,24.8,86,40,17.9,snow
250,Agapovka,RU,53.2973,59.1348,10.4,79,90,17.9,light snow
251,Mandalgovi,MN,45.7625,106.2708,40.15,52,0,6.38,clear sky
252,Dunedin,NZ,-45.8742,170.5036,61.0,60,98,4.0,light rain
253,Leopoldina,BR,-21.5319,-42.6431,70.41,96,100,1.16,light rain
254,Pisco,PE,-13.7,-76.2167,73.4,78,0,4.61,clear sky
255,Bapatla,IN,15.9,80.4667,87.12,52,0,12.08,clear sky
256,Fukue,JP,32.6881,128.8419,59.0,58,20,14.97,few clouds
257,Jingdezhen,CN,29.2947,117.2079,60.82,65,97,2.77,moderate rain
258,Alofi,NU,-19.0595,-169.9187,80.6,89,75,9.22,light rain
259,Aykhal,RU,66.0,111.5,7.18,91,100,5.48,overcast clouds
260,Mugumu,TZ,-1.85,34.7,63.32,93,78,2.53,broken clouds
261,Marsa Matruh,EG,31.3525,27.2453,50.0,81,0,5.75,clear sky
262,Malazgirt,TR,39.1427,42.5401,30.97,94,93,8.88,overcast clouds
263,Surt,LY,31.2089,16.5887,61.02,78,96,18.01,overcast clouds
264,Grootfontein,NA,-19.5667,18.1167,64.4,77,40,2.3,scattered clouds
265,Manta,EC,-0.95,-80.7333,77.0,94,75,3.44,moderate rain
266,Bobcaygeon,CA,44.5462,-78.542,12.2,85,1,3.44,clear sky
267,Basco,PH,20.4487,121.9702,76.33,83,38,18.37,scattered clouds
268,Aguimes,ES,27.9054,-15.4461,64.4,68,75,13.8,broken clouds
269,Yulara,AU,-25.2406,130.9889,93.2,22,40,5.75,scattered clouds
270,Achalpur,IN,21.2572,77.5086,94.05,11,0,4.5,clear sky
271,Lysva,RU,58.1086,57.8053,5.79,93,100,5.93,overcast clouds
272,Birao,CF,10.2849,22.7882,68.27,21,83,7.0,broken clouds
273,Naldurg,IN,17.8167,76.3,89.01,16,0,8.23,clear sky
274,Puerto Cabezas,NI,14.0351,-83.3888,74.05,82,8,11.14,clear sky
275,Sonoita,MX,31.85,-112.8333,73.0,16,98,11.01,overcast clouds
276,Te Anau,NZ,-45.4167,167.7167,60.51,50,97,2.59,moderate rain
277,Kavaratti,IN,10.5669,72.642,82.92,66,34,5.5,scattered clouds
278,Atasu,KZ,48.6814,71.6433,32.49,94,100,19.55,overcast clouds
279,Sar-E Pul,AF,35.8333,66.1667,45.18,56,29,0.92,scattered clouds
280,Log,RU,49.4844,43.8613,28.04,93,73,16.96,broken clouds
281,Yumen,CN,40.2833,97.2,48.33,42,51,15.68,broken clouds
282,Mercedes,AR,-34.6515,-59.4307,64.99,93,0,5.44,clear sky
283,Mata Grande,BR,-9.1175,-37.7322,70.79,82,0,1.54,clear sky
284,Tateyama,JP,34.9833,139.8667,48.2,87,75,5.75,light rain
285,Marsala,IT,37.7966,12.4352,57.0,87,40,4.61,scattered clouds
286,Neiafu,TO,-18.65,-173.9833,86.0,74,40,11.5,scattered clouds
287,Shingu,JP,33.7333,135.9833,51.8,93,75,9.22,broken clouds
288,Nova Friburgo,BR,-22.2819,-42.5311,65.03,98,100,2.13,overcast clouds
289,Klaksvik,FO,62.2266,-6.589,41.0,100,75,4.61,broken clouds
290,Saint-Pierre,RE,-21.3393,55.4781,84.2,70,13,5.75,few clouds
291,Korla,CN,41.7597,86.1469,51.48,44,78,3.53,broken clouds
292,Helong,CN,42.5397,128.9972,45.7,45,6,3.36,clear sky
293,Cabinda,AO,-5.55,12.2,78.64,89,100,2.93,light rain
294,Bull Savanna,JM,17.8868,-77.5902,72.16,82,12,5.35,few clouds
295,Fargo,US,46.8772,-96.7898,39.2,80,1,8.05,clear sky
296,Tezu,IN,27.9167,96.1667,86.86,18,15,4.54,few clouds
297,Gornopravdinsk,RU,60.05,69.9,7.92,95,98,7.14,overcast clouds
298,Mufumbwe,ZM,-13.6833,24.8,63.23,97,97,5.26,overcast clouds
299,Igrim,RU,63.1906,64.4162,-6.41,91,89,4.0,overcast clouds
300,Qurayyat,SA,31.3318,37.3428,44.6,76,0,6.91,clear sky
301,Ketchikan,US,55.3422,-131.6461,37.4,93,20,3.11,few clouds
302,Kaka,TM,37.3482,59.6143,47.53,67,87,8.84,overcast clouds
303,Kudahuvadhoo,MV,2.6708,72.8944,82.99,70,27,8.21,scattered clouds
304,Erzin,TR,36.9559,36.2,54.0,77,56,0.74,broken clouds
305,Cockburn Town,TC,21.4612,-71.1419,78.22,76,0,7.45,clear sky
306,Pascagoula,US,30.3658,-88.5561,50.0,93,1,7.67,clear sky
307,Kondinskoye,RU,59.6481,67.41,2.34,94,87,6.51,overcast clouds
308,Lubbock,US,33.6001,-101.8338,51.8,54,40,13.8,scattered clouds
309,Port Shepstone,ZA,-30.7414,30.455,73.33,78,88,2.93,overcast clouds
310,Nioro,GM,13.35,-15.75,74.41,20,0,8.32,clear sky
311,Severo-Yeniseyskiy,RU,60.3725,93.0408,12.72,94,71,6.96,broken clouds
312,Omboue,GA,-1.5746,9.2618,76.66,88,84,5.12,broken clouds
313,Port Hedland,AU,-20.3167,118.5667,91.4,55,0,14.97,clear sky
314,Nieuwpoort,BE,51.1244,2.7735,32.0,86,20,2.3,few clouds
315,Akdepe,TM,42.0551,59.3788,32.0,74,0,13.8,clear sky
316,Tarakan,ID,3.3,117.6333,78.37,80,100,6.96,overcast clouds
317,Wiarton,CA,44.7407,-81.1332,10.0,85,1,6.91,clear sky
318,Paamiut,GL,61.994,-49.6678,28.49,96,100,9.19,overcast clouds
319,Beian,NO,63.6559,9.5683,30.2,80,0,8.05,clear sky
320,Upernavik,GL,72.7868,-56.1549,-18.18,80,0,12.95,clear sky
321,Wajima,JP,37.4,136.9,41.0,52,75,5.75,broken clouds
322,Mahebourg,MU,-20.4081,57.7,80.6,83,20,6.91,few clouds
323,Victor Harbor,AU,-35.5667,138.6167,78.01,63,63,1.01,broken clouds
324,Villarrica,PY,-25.75,-56.4333,66.49,57,0,2.93,clear sky
325,Pemangkat,ID,1.1667,108.9667,82.49,73,6,9.64,clear sky
326,Sakakah,SA,29.9697,40.2064,51.8,40,0,6.91,clear sky
327,Mount Gambier,AU,-37.8333,140.7667,66.2,63,90,14.97,overcast clouds
328,Saint George,US,37.1041,-113.5841,63.0,20,1,4.61,clear sky
329,Pemberton,CA,50.3164,-122.8027,37.4,100,65,1.14,broken clouds
330,Rio Bueno,CL,-40.3167,-72.9667,48.2,93,0,2.55,clear sky
331,Ixtapa,MX,20.7,-105.2,73.0,88,20,2.53,few clouds
332,Faya,SA,18.3851,42.4509,53.6,57,0,1.86,clear sky
333,Tiksi,RU,71.6872,128.8694,-13.16,88,100,6.4,overcast clouds
334,San Cristobal,VE,7.7669,-72.225,66.79,83,100,2.08,overcast clouds
335,Labuhan,ID,-6.8844,112.2051,83.64,75,67,13.96,broken clouds
336,Yingcheng,CN,30.95,113.55,46.4,93,40,2.24,light rain
337,Samfya,ZM,-11.3649,29.5565,64.17,96,100,3.51,light rain
338,Husavik,IS,66.0449,-17.3389,24.8,93,0,2.3,clear sky
339,Bilibino,RU,68.0546,166.4372,-21.03,83,100,3.96,light snow
340,Eyl,SO,7.9803,49.8164,77.85,72,19,14.14,few clouds
341,Hambantota,LK,6.1241,81.1185,86.0,84,40,9.22,scattered clouds
342,Jiuquan,CN,39.7432,98.5174,48.36,42,47,6.58,scattered clouds
343,Winnemucca,US,40.973,-117.7357,41.0,42,1,8.05,clear sky
344,Lefka,CY,35.1106,32.8506,62.6,77,75,11.5,broken clouds
345,Taybad,IR,34.74,60.7756,55.94,38,60,9.04,broken clouds
346,Khatanga,RU,71.9667,102.5,-24.72,85,98,1.86,overcast clouds
347,Esqueda,MX,30.7167,-109.5833,60.75,32,30,4.79,scattered clouds
348,Aki,JP,33.5,133.9,60.8,55,40,11.5,scattered clouds
349,Hay River,CA,60.8156,-115.7999,14.0,62,17,9.22,few clouds
350,Olafsvik,IS,64.8945,-23.7142,39.99,88,100,24.96,light rain
351,Bobrovka,RU,54.047,61.7455,4.68,91,54,10.83,broken clouds
352,Lensk,RU,60.7253,114.9278,23.99,93,100,12.82,light snow
353,Butembo,CD,0.15,29.2833,58.1,96,84,1.59,broken clouds
354,Alyangula,AU,-13.8483,136.4192,80.6,78,40,5.75,scattered clouds
355,Koszalin,PL,54.1944,16.1722,32.0,80,2,9.22,clear sky
356,Bonito,BR,-21.1211,-56.4819,68.97,90,0,1.41,clear sky
357,Poya,NC,-21.35,165.15,77.95,73,45,10.74,scattered clouds
358,Ferkessedougou,CI,9.6,-5.2,77.13,73,73,6.85,broken clouds
359,Port Macquarie,AU,-31.4333,152.9167,84.99,62,99,1.01,overcast clouds
360,Menongue,AO,-14.6585,17.691,58.37,81,25,2.42,scattered clouds
361,Cahir,IE,52.3769,-7.9217,37.99,95,26,2.24,scattered clouds
362,Ambulu,ID,-8.345,113.6058,85.86,66,38,5.99,scattered clouds
363,Douglas,US,41.3,-96.167,55.0,54,1,10.36,clear sky
364,Pacific Grove,US,36.6177,-121.9166,51.8,76,1,4.61,clear sky
365,Timizart,DZ,36.8,4.2667,52.72,84,77,2.82,broken clouds
366,Gaozhou,CN,21.9392,110.8461,77.04,61,92,8.14,overcast clouds
367,Dong Xoai,VN,11.5333,106.9167,95.68,33,0,5.01,clear sky
368,Longyearbyen,SJ,78.2186,15.6401,6.8,61,20,13.8,few clouds
369,Jiaocheng,CN,24.6774,116.1389,79.02,49,36,1.34,scattered clouds
370,Acari,PE,-15.4311,-74.6158,74.3,72,89,2.93,overcast clouds
371,Maceio,BR,-9.6658,-35.7353,73.4,94,0,4.61,clear sky
372,Oktyabrskiy,RU,54.4815,53.471,23.31,96,100,21.23,light snow
373,Isangel,VU,-19.55,169.2667,80.24,64,3,11.79,clear sky
374,Coihaique,CL,-45.5752,-72.0662,37.11,81,3,6.24,clear sky
375,Katsuura,JP,35.1333,140.3,48.2,87,75,5.75,broken clouds
376,Nizwa,OM,22.9333,57.5333,80.08,17,0,2.89,clear sky
377,Miri,MY,4.4148,114.0089,82.4,83,40,4.61,scattered clouds
378,Camopi,GF,3.1655,-52.3158,70.68,98,93,2.37,overcast clouds
379,Ziro,IN,27.6333,93.8333,73.4,64,75,1.16,haze
380,Moroni,KM,-11.7022,43.2551,81.77,73,96,11.01,overcast clouds
381,Matara,LK,5.9485,80.5353,87.58,58,82,9.93,broken clouds
382,Prykolotne,UA,50.1604,37.3474,29.43,96,99,18.21,overcast clouds
383,Tilichiki,RU,60.4667,166.1,-16.08,84,38,11.61,scattered clouds
384,Maryville,US,35.7565,-83.9705,39.2,48,1,3.44,clear sky
385,Mulchen,CL,-37.7167,-72.2333,59.09,74,14,7.52,few clouds
386,Mar Del Plata,AR,-38.0023,-57.5575,70.0,88,90,6.91,light rain
387,Kondagaon,IN,19.6,81.6667,92.26,14,0,5.06,clear sky
388,Atar,MR,20.5169,-13.0499,59.61,45,0,11.54,clear sky
389,Kahului,US,20.8947,-156.47,75.2,69,40,20.71,scattered clouds
390,Contamana,PE,-7.3333,-75.0167,72.36,97,99,2.91,overcast clouds
391,Hasaki,JP,35.7333,140.8333,46.4,100,75,13.8,light rain
392,Portland,US,45.5234,-122.6762,42.01,89,71,1.92,broken clouds
393,Chuy,UY,-33.6971,-53.4616,65.23,92,0,5.06,clear sky
394,Hirara,JP,24.8,125.2833,73.4,88,75,10.36,broken clouds
395,Sterling,US,39.0062,-77.4286,30.99,64,1,3.44,clear sky
396,Agnibilekrou,CI,7.1344,-3.2047,72.27,95,58,4.12,broken clouds
397,Eureka,US,40.8021,-124.1637,44.01,86,100,4.94,overcast clouds
398,Esmeraldas,BR,-19.7625,-44.3139,69.8,88,0,3.44,light rain
399,Maarianhamina,AX,60.0973,19.9348,26.6,68,20,10.36,few clouds
400,Conceicao Do Araguaia,BR,-8.2578,-49.2647,73.09,95,98,2.55,overcast clouds
401,Shiraz,IR,29.6036,52.5388,53.6,26,0,1.03,clear sky
402,Ewa Beach,US,21.3156,-158.0072,78.8,53,20,10.36,few clouds
403,Vila Franca Do Campo,PT,37.7167,-25.4333,60.8,88,75,3.44,broken clouds
404,La Libertad,EC,-2.2333,-80.9,78.58,74,97,2.17,overcast clouds
405,Shatura,RU,55.5725,39.5368,18.25,96,85,7.52,overcast clouds
406,La Palma,US,33.8464,-118.0467,57.99,67,90,8.57,overcast clouds
407,Dawei,MM,14.0833,98.2,93.78,31,0,7.36,clear sky
408,Grand Gaube,MU,-20.0064,57.6608,82.99,76,74,1.99,broken clouds
409,Santiago De Cao,PE,-7.9589,-79.2392,72.63,83,100,10.51,overcast clouds
410,Laje,BR,-10.1833,-40.9667,71.85,53,74,3.58,broken clouds
411,Sirawai,PH,7.5854,122.1407,86.11,63,100,2.82,light rain
412,Plettenberg Bay,ZA,-34.0527,23.3716,62.65,85,93,5.73,overcast clouds
413,Luwuk,ID,-0.9516,122.7875,84.83,60,100,3.65,overcast clouds
414,Muros,ES,42.7762,-9.0603,46.0,71,3,7.0,clear sky
415,Hoganas,SE,56.1997,12.558,30.0,50,1,9.33,clear sky
416,Fort Nelson,CA,58.8053,-122.7002,21.2,73,75,0.92,broken clouds
417,Srikakulam,IN,18.3,83.9,86.45,50,0,8.21,clear sky
418,Port-Gentil,GA,-0.7193,8.7815,80.4,83,82,10.29,broken clouds
419,Erenhot,CN,43.6475,111.9767,44.76,52,0,5.14,clear sky
420,Carai,BR,-17.1889,-41.6947,66.54,96,96,1.14,light rain
421,Arman,RU,59.7,150.1667,1.13,81,0,3.6,clear sky
422,Gizo,SB,-8.103,156.8419,83.62,70,100,3.02,light rain
423,Vila Velha,BR,-20.3297,-40.2925,71.6,100,40,3.44,scattered clouds
424,Arlit,NE,18.7369,7.3853,74.84,18,8,8.05,clear sky
425,Zhezkazgan,KZ,47.8043,67.7144,23.49,95,84,17.2,broken clouds
426,Boa Vista,BR,2.8197,-60.6733,77.0,83,0,5.75,clear sky
427,Cayenne,GF,4.9333,-52.3333,78.8,89,75,8.05,broken clouds
428,Zuwarah,LY,32.9312,12.082,60.94,68,64,19.39,broken clouds
429,Wah,PK,33.798,72.6957,67.15,44,19,7.07,few clouds
430,Lucapa,AO,-8.4192,20.7447,64.69,99,100,4.16,light rain
431,Kimbe,PG,-5.5502,150.1429,84.6,70,86,3.49,moderate rain
432,Tutoia,BR,-2.7619,-42.2744,78.96,83,97,8.19,overcast clouds
433,San Felipe,VE,10.3399,-68.7425,72.61,90,97,5.48,overcast clouds
434,Dolinsk,RU,47.35,142.8,28.4,40,20,11.18,few clouds
435,Taraz,KZ,42.9,71.3667,46.4,71,90,17.9,overcast clouds
436,Ugoofaaru,MV,5.6667,73.0,83.32,67,26,9.19,scattered clouds
437,Guerrero Negro,MX,27.9769,-114.0611,57.29,83,95,11.23,overcast clouds
438,Togur,RU,58.3631,82.8265,26.62,97,100,19.57,light snow
439,Ancud,CL,-41.8697,-73.8203,55.0,87,40,2.3,scattered clouds
440,Khandbari,NP,27.3747,87.2039,75.38,24,0,5.23,clear sky
441,Chumikan,RU,54.7183,135.315,15.26,89,100,28.7,overcast clouds
442,Thunder Bay,CA,48.4001,-89.3168,30.0,93,40,5.32,scattered clouds
443,Tocopilla,CL,-22.092,-70.1979,69.66,69,11,4.97,few clouds
444,Codrington,AU,-38.2667,141.9667,59.47,85,100,11.99,light rain
445,Hastings,GB,50.8552,0.5729,32.0,62,7,3.58,clear sky
446,Viransehir,TR,37.2353,39.7631,44.67,76,0,3.49,clear sky
447,Matveyevka,RU,52.15,56.1833,17.6,79,90,22.37,snow
448,Gravdal,NO,68.1214,13.5031,33.19,92,100,10.89,light snow
449,Muisne,EC,0.6,-80.0333,75.07,92,100,4.56,moderate rain
450,Abu Dhabi,AE,24.4667,54.3667,68.0,77,20,2.3,few clouds
451,Khash,IR,28.2211,61.2158,62.04,26,0,4.99,clear sky
452,Galich,RU,58.3797,42.3475,4.86,92,55,3.94,broken clouds
453,Matranovak,HU,48.0381,19.9826,30.92,92,52,3.44,broken clouds
454,Belmopan,BZ,17.25,-88.7667,72.0,71,6,0.78,clear sky
455,Lipari,IT,38.4674,14.954,54.0,71,81,1.01,broken clouds
456,Fairbanks,US,64.8378,-147.7164,15.8,86,90,4.61,overcast clouds
457,Petropavlovsk-Kamchatskiy,RU,53.0452,158.6483,15.8,32,19,15.66,few clouds
458,Bayangol,RU,50.6977,103.4656,32.09,87,6,0.54,clear sky
459,Nelson Bay,AU,-32.7167,152.15,75.99,88,90,17.27,moderate rain
460,Mikhaylovskoye,RU,51.8239,79.7172,26.13,92,100,15.32,overcast clouds
461,Sao Filipe,CV,14.8961,-24.4956,69.01,76,0,16.02,clear sky
462,Turukhansk,RU,65.8167,87.9833,-4.86,91,100,8.75,overcast clouds
463,Zaysan,KZ,47.4667,84.8667,28.15,96,100,2.73,overcast clouds
464,Holme,DK,56.1138,10.1725,28.0,93,80,1.14,broken clouds
465,Sovetskaya Gavan,RU,48.9723,140.2878,27.05,87,0,5.35,clear sky
466,Rehoboth,NA,-23.3167,17.0833,62.47,36,2,2.66,clear sky
467,Rio Gallegos,AR,-51.6226,-69.2181,41.0,65,0,9.22,clear sky
468,Nouadhibou,MR,20.931,-17.0347,61.05,79,0,26.26,clear sky
469,Qingyuan,CN,23.7,113.0333,69.8,64,90,4.47,overcast clouds
470,Chulman,RU,56.8479,124.9104,11.53,93,100,6.71,overcast clouds
471,Alice Town,BS,25.7167,-79.3,67.06,70,9,28.07,clear sky
472,Matagami,CA,49.7502,-77.6328,-7.6,84,1,3.44,clear sky
473,Alta Floresta,BR,-9.8756,-56.0861,71.24,98,100,3.06,overcast clouds
474,Hervey Bay,AU,-25.2986,152.8535,84.99,48,30,11.5,scattered clouds
475,Antofagasta,CL,-23.65,-70.4,64.4,88,0,9.22,clear sky
476,Iranshahr,IR,27.2025,60.6848,66.2,27,0,3.09,clear sky
477,Malnate,IT,45.7908,8.8819,37.0,80,0,3.0,clear sky
478,Qaqortoq,GL,60.7167,-46.0333,30.2,80,90,11.5,light snow
479,Praxedis Guerrero,MX,31.3667,-106.0167,60.8,25,75,3.29,broken clouds
480,Sabha,LY,27.0377,14.4283,68.38,22,46,16.73,scattered clouds
481,Ambon,ID,-3.6954,128.1814,86.0,66,40,8.05,scattered clouds
482,Aksarayskiy,RU,46.7924,48.0119,28.4,69,0,8.95,clear sky
483,Bonfim,BR,3.0833,-59.95,78.04,75,74,10.6,broken clouds
484,Vestmannaeyjar,IS,63.4427,-20.2734,44.71,91,100,32.28,overcast clouds
485,Darhan,MN,49.4867,105.9228,29.37,88,0,2.24,clear sky
486,Tomatlan,MX,19.9333,-105.25,66.78,90,0,2.71,clear sky
487,Moctezuma,MX,29.8,-109.6667,66.06,26,67,1.99,broken clouds
488,Port Hawkesbury,CA,45.6169,-61.3485,19.99,92,1,4.61,clear sky
489,Luau,AO,-10.7073,22.2247,63.36,100,100,3.47,overcast clouds
490,Caravelas,BR,-17.7125,-39.2481,76.55,89,100,6.49,light rain
491,Leh,IN,34.1667,77.5833,25.45,86,96,5.23,overcast clouds
492,Erdenet,MN,49.0333,104.0833,35.76,64,13,5.17,few clouds
493,Jaque,PA,7.5175,-78.1703,78.66,80,73,9.04,broken clouds
494,Asau,RO,46.4333,26.4,30.99,74,0,3.44,clear sky
495,Colares,PT,38.7992,-9.4469,52.0,70,40,18.99,scattered clouds
496,Richards Bay,ZA,-28.783,32.0377,72.84,82,7,10.38,clear sky
497,Taoudenni,ML,22.6783,-3.9836,63.37,28,0,7.18,clear sky
498,Port Lincoln,AU,-34.7333,135.8667,66.63,64,27,16.22,scattered clouds
499,Anzio,IT,41.4853,12.6179,52.0,92,100,5.01,light rain
500,Garissa,KE,-0.4536,39.6401,77.0,72,49,6.85,scattered clouds
501,Kousseri,CM,12.0769,15.0306,69.8,9,53,6.91,broken clouds
502,Burdur,TR,37.7203,30.2908,26.6,86,75,3.44,broken clouds
503,De Aar,ZA,-30.6497,24.0123,63.03,29,2,7.25,clear sky
504,Lagunas,PE,-5.2269,-75.6753,71.53,98,100,2.39,overcast clouds
505,Sunyani,GH,7.3399,-2.3268,73.56,92,73,5.93,broken clouds
506,Sao Gabriel Da Cachoeira,BR,-0.1303,-67.0892,74.86,97,100,0.2,moderate rain
507,Buesaco,CO,1.3902,-77.1598,57.04,80,98,3.09,overcast clouds
508,Khandyga,RU,62.6667,135.6,-5.46,86,95,3.69,overcast clouds
509,Le Port,RE,-20.9373,55.2919,86.0,70,90,4.61,overcast clouds
510,Pinega,RU,64.7001,43.3936,-17.43,87,90,8.3,overcast clouds
511,Riyadh,SA,24.6877,46.7219,62.6,20,0,4.61,clear sky
512,Hinton,CA,53.4001,-117.5857,33.8,64,100,5.75,overcast clouds
513,Touros,BR,-5.1989,-35.4608,75.2,94,75,4.61,broken clouds
514,Kununurra,AU,-15.7667,128.7333,98.6,47,60,6.91,broken clouds
515,Taltal,CL,-25.4,-70.4833,65.39,79,19,3.65,few clouds
516,Cullera,ES,39.1667,-0.25,50.0,93,100,5.01,overcast clouds
517,Srednekolymsk,RU,67.45,153.6833,-9.26,87,100,10.94,overcast clouds
518,Avera,US,33.194,-82.5271,35.6,75,1,2.86,clear sky
519,Sumbe,AO,-11.2061,13.8437,77.04,81,100,6.38,overcast clouds
520,Machali,CL,-34.1833,-70.6667,67.23,41,0,2.19,clear sky
521,Arriaga,MX,16.2333,-93.9,73.27,60,10,21.92,clear sky
522,Ginir,ET,7.1333,40.7,64.62,27,12,4.61,few clouds
523,Goderich,CA,43.7501,-81.7165,17.6,79,35,4.61,scattered clouds
524,Vagur,FO,61.4732,-6.8119,43.39,88,0,9.26,clear sky
525,Kampong Thum,KH,12.7111,104.8887,96.51,32,1,4.97,clear sky
526,Nakusp,CA,50.2499,-117.8023,33.8,100,82,2.3,broken clouds
527,Sisimiut,GL,66.9395,-53.6735,11.95,92,100,11.68,overcast clouds
528,Komsomolskiy,UZ,40.4272,71.7189,50.0,62,80,2.3,broken clouds
529,Tautira,PF,-17.7333,-149.15,82.4,78,75,11.5,broken clouds
530,Flinders,AU,-34.5833,150.8552,78.01,78,100,8.01,light rain
531,Quelimane,MZ,-17.8786,36.8883,73.4,100,20,6.91,fog
532,Clearlake,US,38.9582,-122.6264,45.0,81,78,2.98,broken clouds
533,Pattani,TH,6.75,100.4167,87.8,58,40,11.5,light rain
534,Sawakin,SD,19.1059,37.3321,74.55,82,55,9.01,broken clouds
535,Khetia,IN,21.6667,74.5833,89.22,19,0,1.66,clear sky
536,Banda Aceh,ID,5.5577,95.3222,86.11,60,60,1.48,broken clouds
537,Santa Marta,CO,11.2408,-74.199,81.0,78,44,20.0,scattered clouds
538,Sola,VU,-13.8833,167.55,81.79,78,100,9.15,overcast clouds
539,General Roca,AR,-39.0333,-67.5833,69.8,49,0,9.22,clear sky
540,Contai,IN,21.7786,87.7536,86.58,48,0,13.29,clear sky
541,Nacala,MZ,-14.5428,40.6728,68.0,100,75,2.3,broken clouds
542,Wuda,CN,39.4994,106.7117,53.94,39,0,1.95,clear sky
543,Galle,LK,6.0367,80.217,86.97,57,0,3.67,clear sky
544,Williston,US,48.147,-103.618,41.0,68,1,3.44,clear sky
545,Bama,NG,11.5221,13.6856,65.5,28,0,4.9,clear sky
546,Mehamn,NO,71.0357,27.8492,19.4,73,20,9.22,few clouds
547,San Policarpo,PH,12.1791,125.5072,81.95,78,66,12.91,broken clouds
548,Timmins,CA,48.4669,-81.3331,12.2,40,75,8.05,broken clouds
549,Alamos,MX,27.0167,-108.9333,66.0,53,39,3.53,scattered clouds
550,Vanimo,PG,-2.6741,141.3028,83.23,74,54,4.9,moderate rain
551,Pinillos,CO,8.9193,-74.4677,76.66,90,87,2.33,overcast clouds
552,Salalah,OM,17.0151,54.0924,75.2,60,0,3.44,clear sky
553,Tortoli,IT,39.9256,9.6572,55.4,94,75,9.22,broken clouds
554,Santa Cruz,BO,-17.8,-63.1667,75.2,88,0,3.44,clear sky
555,Altamira,BR,-3.2033,-52.2064,72.09,98,96,4.12,overcast clouds
556,Sao Raimundo Nonato,BR,-9.0153,-42.6994,71.53,87,77,0.54,broken clouds
557,Dubrovnik,HR,42.6481,18.0922,41.0,65,40,3.44,scattered clouds
558,Gornyak,RU,50.9942,81.4661,27.39,92,52,20.24,broken clouds
559,Chunskiy,RU,56.0815,99.6342,20.66,93,59,4.97,broken clouds
560,Fountain,US,38.6822,-104.7008,51.8,23,1,9.22,clear sky
561,Necochea,AR,-38.5473,-58.7368,68.0,93,100,1.99,overcast clouds
562,Moron,AR,-34.6534,-58.6198,75.99,78,37,3.91,scattered clouds
563,Aquiraz,BR,-3.9014,-38.3911,81.0,89,40,4.61,scattered clouds
564,Moussoro,TD,13.6408,16.4901,69.21,17,11,11.3,few clouds
565,Moree,AU,-29.4667,149.85,75.2,88,40,12.66,scattered clouds
566,Aksu,CN,41.1231,80.2644,52.47,41,21,1.21,few clouds
567,Magway,MM,20.15,94.9167,92.28,17,0,7.34,clear sky
568,Fougamou,GA,-1.2154,10.5838,73.18,94,90,2.89,overcast clouds
569,La Ronge,CA,55.1001,-105.2842,39.2,41,100,4.61,overcast clouds
570,Araouane,ML,18.9048,-3.5265,71.51,21,21,11.36,few clouds
571,Simbahan,PH,6.3032,120.5836,82.27,72,63,5.19,broken clouds
572,Grenada,ES,37.1882,-3.6067,45.0,93,75,0.89,broken clouds
573,Caramay,PH,10.1815,119.236,82.44,77,99,9.78,overcast clouds
574,Davila,PH,18.4726,120.5763,86.0,58,20,10.36,few clouds
575,Freeport,US,40.6576,-73.5832,32.0,43,1,8.05,clear sky
576,Suleja,NG,9.1758,7.1808,75.2,46,0,10.36,clear sky
577,Chiang Khong,TH,20.2613,100.4046,73.4,64,20,3.44,mist
578,Yenagoa,NG,4.9247,6.2642,77.61,92,15,2.77,few clouds
579,Punta Alta,AR,-38.8759,-62.0736,74.59,40,58,18.45,broken clouds
580,Muzhi,RU,65.3667,64.6667,-16.82,88,99,7.78,overcast clouds
581,Narsaq,GL,60.9167,-46.05,30.2,80,90,11.5,light snow
582,Oum Hadjer,TD,13.2954,19.6966,67.6,18,0,8.72,clear sky
583,Charsadda,PK,34.1435,71.7317,66.2,63,0,4.61,haze
584,Haukipudas,FI,65.1765,25.3523,1.4,78,0,1.14,clear sky
585,Kandalaksha,RU,67.162,32.4123,-3.32,89,92,1.36,overcast clouds
586,Vao,NC,-22.6667,167.4833,74.95,75,24,17.38,few clouds
587,Pastavy,BY,55.1168,26.8326,24.21,95,100,12.71,overcast clouds
588,Camacha,PT,33.0833,-16.3333,59.0,88,40,11.5,scattered clouds
589,West Bay,KY,19.3667,-81.4167,79.0,70,1,7.0,clear sky
590,Bystryy Istok,RU,52.371,84.3873,31.68,94,95,2.01,overcast clouds
591,Constitucion,CL,-35.3333,-72.4167,62.53,76,0,10.89,clear sky
592,Islamkot,PK,24.6997,70.177,88.12,23,0,20.4,clear sky
593,Mahibadhoo,MV,3.7833,72.9667,82.99,71,77,9.26,broken clouds
594,Chuka,KE,-0.3332,37.6459,65.3,60,65,1.77,broken clouds
595,Zhanaozen,KZ,43.3,52.8,29.17,86,23,10.4,few clouds
596,Los Llanos De Aridane,ES,28.6585,-17.9182,64.4,72,0,10.36,clear sky
597,Whitehorse,CA,60.7161,-135.0538,17.6,53,90,5.75,overcast clouds
598,Jiangkou,CN,25.4872,119.1986,60.8,67,75,17.9,broken clouds
599,Natal,BR,-5.795,-35.2094,77.0,94,20,4.61,few clouds
600,Severnyy,RU,50.677,36.5532,32.0,86,75,13.42,light snow
601,Primo Tapia,MX,32.22,-116.9172,55.4,76,75,10.36,broken clouds
602,Tulagi,SB,-9.0996,160.1476,82.94,73,100,6.53,overcast clouds
603,Hailar,CN,49.2,119.7,24.06,94,78,11.83,broken clouds
604,Loandjili,CG,-4.7561,11.8578,75.2,100,20,2.37,few clouds
605,Honiara,SB,-9.4333,159.95,82.76,77,100,3.69,overcast clouds
606,Hami,CN,42.8,93.45,53.17,37,100,7.45,overcast clouds
607,Staraya Poltavka,RU,50.4772,46.4814,27.03,95,71,18.54,broken clouds
608,Lata,PT,40.1629,-8.3327,51.01,85,53,0.51,broken clouds
609,Gimli,CA,50.6336,-96.9907,37.4,75,22,6.91,few clouds
610,Mezen,RU,65.8522,44.24,-23.53,85,44,6.85,scattered clouds
611,Venice,US,27.0998,-82.4543,54.0,62,1,10.36,clear sky
612,Susanville,US,40.4163,-120.653,42.8,61,1,8.05,clear sky
613,Tadine,NC,-21.55,167.8833,77.4,75,55,10.98,broken clouds
614,Kyaukse,MM,21.6,96.1333,80.6,41,8,3.44,clear sky
615,San Michele Al Tagliamento,IT,45.7644,12.9949,33.01,86,0,5.75,clear sky
616,Westport,US,41.1415,-73.3579,30.2,40,1,12.66,clear sky
617,Bosaso,SO,11.2842,49.1816,73.4,88,0,5.75,clear sky
618,Karatau,KZ,43.1667,70.4667,45.25,73,100,10.27,light rain
619,Bhachau,IN,23.2833,70.35,88.03,27,0,12.55,clear sky
620,Algiers,DZ,36.7525,3.042,53.6,100,75,3.44,broken clouds
621,Baft,IR,29.234,56.6057,50.68,40,0,3.47,clear sky
622,Boditi,ET,6.9667,37.8667,62.4,36,25,8.3,scattered clouds
623,Bourail,NC,-21.5667,165.4833,77.18,71,55,12.17,broken clouds
624,Margate,GB,51.3813,1.3862,36.0,68,5,3.62,clear sky
625,Chissamba,AO,-12.1667,17.3333,58.96,92,12,2.46,few clouds
626,Roatan,HN,16.3244,-86.5366,78.01,88,75,9.22,broken clouds
627,Karoi,ZW,-16.8099,29.6925,62.94,95,84,3.76,broken clouds
628,Newport,GB,51.5877,-2.9984,35.01,89,0,2.13,clear sky
629,Pasighat,IN,28.0667,95.3333,85.03,24,25,3.65,scattered clouds
630,Capaci,IT,38.1711,13.2393,52.0,82,0,4.61,clear sky
631,Chato,TZ,-2.6378,31.7669,65.3,93,100,6.11,light rain
632,Hit,IQ,33.6416,42.8251,60.4,33,1,10.83,clear sky
633,Kamaishi,JP,39.2667,141.8833,42.8,52,75,8.05,broken clouds
634,Trenggalek,ID,-8.05,111.7167,84.83,71,53,2.44,broken clouds
635,Wellington,NZ,-41.2866,174.7756,62.6,59,64,12.66,broken clouds
636,Idenao,CM,4.2475,9.0047,78.58,82,90,4.09,overcast clouds
637,Marshall,US,34.3834,-86.3333,42.8,56,1,4.61,clear sky
638,Mortka,RU,59.3322,66.0214,3.47,94,92,3.58,overcast clouds
639,Gondanglegi,ID,-7.7479,112.0132,85.68,73,28,10.56,scattered clouds
640,Faro,PT,37.0194,-7.9322,50.0,87,0,5.75,clear sky
641,Harper,LR,4.375,-7.7169,78.04,88,0,8.01,clear sky
642,Kasongo-Lunda,CD,-6.4667,16.8167,70.48,93,100,1.34,overcast clouds
643,Daltenganj,IN,24.0333,84.0667,95.36,10,0,4.07,clear sky
644,Cabo San Lucas,MX,22.8909,-109.9124,64.99,66,2,5.21,clear sky
645,Bonavista,CA,48.6499,-53.1147,24.01,79,1,5.75,clear sky
646,Puke,AL,42.0444,19.8997,41.0,75,20,5.75,few clouds
647,Gamba,GA,-2.65,10.0,75.4,88,71,3.62,broken clouds
648,Chon Daen,TH,16.1895,100.8596,96.01,39,11,5.39,few clouds
649,Panguna,PG,-6.3164,155.4848,75.96,85,100,1.32,light rain
650,Tyrma,RU,50.0833,132.1667,21.69,91,98,3.36,overcast clouds
651,Japura,ID,-0.3167,102.35,88.48,56,95,4.81,overcast clouds
652,Platonovka,RU,52.7106,41.952,20.48,95,78,10.6,broken clouds
653,Dawson Creek,CA,55.7666,-120.2362,30.2,80,75,0.89,broken clouds
654,Shimoda,JP,34.6667,138.95,48.2,93,75,14.97,broken clouds
655,Kalmunai,LK,7.4167,81.8167,84.2,70,97,5.86,overcast clouds
656,Bar Harbor,US,44.3876,-68.2039,25.0,54,1,5.75,clear sky
657,Brae,GB,60.3964,-1.353,41.0,81,90,16.11,overcast clouds
658,Inhambane,MZ,-23.865,35.3833,68.0,94,20,4.54,few clouds
659,Tabas,IR,33.5959,56.9244,64.6,25,0,2.51,clear sky
660,Kasulu,TZ,-4.5767,30.1025,63.41,97,100,5.41,light rain
661,Tazovskiy,RU,67.4667,78.7,-16.76,88,98,3.42,overcast clouds
662,Vicuna,CL,-30.0319,-70.7081,62.6,88,90,4.61,overcast clouds
663,Zaranj,AF,30.9667,61.8833,57.2,33,0,11.5,clear sky
664,Little Current,CA,45.9793,-81.9248,19.4,63,36,5.75,scattered clouds
665,Kindu,CD,-2.95,25.95,67.24,98,100,1.79,moderate rain
666,Hof,DE,50.3167,11.9167,28.99,87,71,3.0,broken clouds
667,Fomboni,KM,-12.28,43.7425,82.69,72,100,9.35,moderate rain
668,San Rafael,AR,-34.6177,-68.3301,77.56,38,84,6.29,broken clouds
669,Kalisz,PL,51.7611,18.091,28.0,89,59,1.01,broken clouds
670,Sao Jose Da Coroa Grande,BR,-8.8978,-35.1478,77.34,85,23,6.71,few clouds
671,Saint Anthony,US,45.0205,-93.218,48.2,93,1,3.44,clear sky
672,Ialibu,PG,-6.2821,143.9935,64.9,92,92,2.75,overcast clouds
673,Sandakan,MY,5.8402,118.1179,78.8,89,40,2.3,scattered clouds
674,Katherine,AU,-14.4667,132.2667,95.0,49,40,2.3,scattered clouds
675,Zihuatanejo,MX,17.6333,-101.55,74.73,72,6,4.32,clear sky
676,Nizhnyaya Tavda,RU,57.6731,66.1725,5.27,94,29,6.42,scattered clouds
677,Tingi,TZ,-11.3,35.0333,64.81,97,93,4.21,light rain
678,Idlib,SY,35.9306,36.6339,51.8,100,75,9.22,broken clouds
679,Tianmen,CN,30.6516,113.1603,50.09,79,99,2.59,overcast clouds
680,Lodwar,KE,3.1191,35.5973,85.84,36,56,14.85,broken clouds
681,Nha Trang,VN,12.25,109.1833,84.2,70,20,17.27,few clouds
682,Morondava,MG,-20.2833,44.2833,77.76,85,0,4.5,clear sky
683,Egvekinot,RU,66.3167,-179.1667,6.87,98,99,3.78,light snow
684,Petropavlovka,RU,50.6114,105.3196,31.78,91,23,1.81,few clouds
685,Shekhupura,PK,31.7131,73.9783,69.8,56,0,3.44,clear sky
686,Inirida,CO,3.8653,-67.9239,75.38,95,100,1.34,overcast clouds
687,Bonthe,SL,7.5264,-12.505,78.01,87,31,5.17,scattered clouds
688,Shenjiamen,CN,29.9576,122.298,51.39,78,72,10.07,broken clouds
689,Dalbandin,PK,28.8947,64.4101,67.82,21,0,11.12,clear sky
690,Mwingi,KE,-0.9344,38.0601,68.49,84,86,2.01,overcast clouds
691,Hearst,CA,49.6835,-83.6665,28.4,29,98,8.05,overcast clouds
692,Kysyl-Syr,RU,63.8986,122.7617,-5.6,90,100,6.96,overcast clouds
693,Cap Malheureux,MU,-19.9842,57.6142,82.99,76,58,1.99,broken clouds
694,Gunjur,GM,13.2019,-16.7339,69.8,56,1,9.22,clear sky
695,Saint-Francois,FR,46.4154,3.9054,36.0,100,75,2.3,fog
696,Souillac,MU,-20.5167,57.5167,80.6,83,20,6.91,few clouds
697,Santa Leopoldina,BR,-20.1006,-40.5297,71.6,100,40,3.44,scattered clouds
698,Wamba,NG,8.9333,8.6,71.26,36,43,2.64,scattered clouds
699,Dwarka,IN,22.2394,68.9678,80.38,64,0,8.55,clear sky
700,Moindou,NC,-21.6924,165.677,82.4,57,75,16.11,broken clouds
701,Pangoa,PE,-12.1167,-73.0,69.82,85,89,1.59,overcast clouds
702,Williamsport,US,41.2412,-77.0011,24.8,68,1,2.8,clear sky
703,Fuxin,CN,42.0156,121.6589,46.63,49,0,10.47,clear sky
704,Kutum,SD,14.2,24.6667,55.81,29,0,6.44,clear sky
705,Zhuhai,CN,22.2769,113.5678,75.99,78,40,17.27,scattered clouds
706,Manama,BH,26.2154,50.5832,68.0,56,0,5.75,clear sky
707,Amazar,RU,53.858,120.875,24.58,94,100,8.39,overcast clouds
708,Carballo,ES,43.213,-8.691,46.4,71,0,9.22,clear sky
709,Wexford,IE,52.3342,-6.4575,34.0,89,0,6.4,clear sky
710,Sarangani,PH,5.4033,125.4636,82.31,72,97,11.74,overcast clouds
711,Gambela,ET,8.25,34.5833,84.97,32,80,2.93,broken clouds
712,Sur,OM,22.5667,59.5289,77.99,46,0,7.14,clear sky
713,Atikokan,CA,48.7555,-91.6216,35.69,93,100,7.74,overcast clouds
714,Morogoro,TZ,-6.8167,37.6667,71.44,87,99,2.84,overcast clouds
715,Kursenai,LT,55.985,22.9189,23.0,80,75,10.36,broken clouds
716,Srandakan,ID,-7.9386,110.2506,86.58,60,36,9.15,light rain
717,Marzuq,YE,14.4,46.4667,69.89,23,0,1.03,clear sky
718,Bilma,NE,18.6853,12.9164,68.65,20,0,4.61,clear sky
719,Arroyo,ES,41.6096,-4.7969,43.0,93,75,11.5,broken clouds
720,Kirakira,SB,-10.4544,161.9205,83.84,74,100,6.29,overcast clouds
721,Pontianak,ID,-0.0333,109.3333,87.8,70,75,5.75,broken clouds
722,Masallatah,LY,32.6167,14.0,57.2,81,73,23.49,broken clouds
723,Lincoln,US,40.8,-96.667,55.4,47,1,11.5,clear sky
724,Jumla,NP,29.2747,82.1838,53.85,43,83,6.04,broken clouds
725,Maumere,ID,-8.6199,122.2111,82.96,74,7,3.91,clear sky
726,Serenje,ZM,-13.2325,30.2352,62.29,98,100,7.23,light rain
727,Knysna,ZA,-34.0363,23.0471,60.8,88,75,5.75,broken clouds
728,Iranduba,BR,-3.2847,-60.1861,80.6,83,0,3.44,light rain
729,Shizunai,JP,42.3339,142.3669,35.71,82,61,16.73,broken clouds
